stage,method,dataset,seed,acc,nmi,ari,f1_macro,baseline_nmi,baseline_ari,meets_baseline_any,collapse_warning,embedding_variance,neighbor_purity_proxy,mixed_cell_fraction,run_dir,n_rows,n_datasets,mean_ari,mean_nmi,screen_meets_baseline_count,screen_noncollapse_count,effective_screen_candidate,datasets
smoke,suture12_attention_matching_teacher_consistency_full,Melanoma_5K,42,0.7039663195213827,0.6932124548570084,0.6140557043721826,0.5418422114993082,0.735414,0.668029,False,False,0.4166014790534973,0.8407563335549154,0.0,/home/luolie/biopipeline/dimension-reduction/plantnet/methods/DeepLearning/scMAEs/runs/scMAEs_suture_smoke/suture12_attention_matching_teacher_consistency_full/Melanoma_5K/seed42,,,,,,,,
screen,suture12_attention_matching_teacher_consistency_full,Melanoma_5K,42,0.667848437846222,0.68275172813414,0.5890124348671252,0.5192269158723903,0.735414,0.668029,False,False,1.156013011932373,0.8756481276312874,0.0,/home/luolie/biopipeline/dimension-reduction/plantnet/methods/DeepLearning/scMAEs/runs/scMAEs_suture_screen/suture12_attention_matching_teacher_consistency_full/Melanoma_5K/seed42,,,,,,,,
screen,suture12_attention_matching_teacher_consistency_full,Quake_10x_Spleen,42,0.5227177554438861,0.5202104242990396,0.30878010897648517,0.42142186208177834,0.85173,0.922275,False,False,1.2556874752044678,0.9894123394751535,0.0,/home/luolie/biopipeline/dimension-reduction/plantnet/methods/DeepLearning/scMAEs/runs/scMAEs_suture_screen/suture12_attention_matching_teacher_consistency_full/Quake_10x_Spleen/seed42,,,,,,,,
screen,rank01_scdiva_absorbing_diffusion_full,,,,,,,,,,,,,,,3,3,0.3529055470488629,0.5419538531800465,0,3,False,Macosko;Melanoma_5K;Quake_10x_Spleen
screen,rank02_maskfeat_gene_module_semantic_full,,,,,,,,,,,,,,,3,3,0.34697924741403413,0.5497544769669133,0,3,False,Macosko;Melanoma_5K;Quake_10x_Spleen
screen,rank03_consistency_ema_robust_full,,,,,,,,,,,,,,,3,3,0.5185232813633646,0.6249803031508013,0,3,False,Macosko;Melanoma_5K;Quake_10x_Spleen
screen,rank04_joao_mask_policy_full,,,,,,,,,,,,,,,3,3,0.48325436539829986,0.6708556425073465,0,3,False,Macosko;Melanoma_5K;Quake_10x_Spleen
screen,rank05_tabr_retrieval_context_full,,,,,,,,,,,,,,,2,2,0.5298429530549649,0.6610065530136635,0,2,False,Melanoma_5K;Quake_10x_Spleen
screen,rank06_scvgae_zinb_variational_full,,,,,,,,,,,,,,,3,3,0.44317917726402745,0.6395025656426346,0,3,False,Macosko;Melanoma_5K;Quake_10x_Spleen
screen,rank07_dinobloom_self_distill_full,,,,,,,,,,,,,,,3,3,0.48133455455540625,0.6440793304544891,0,3,False,Macosko;Melanoma_5K;Quake_10x_Spleen
screen,rank10_celler_longtail_protection_full,,,,,,,,,,,,,,,2,2,0.4321229751485802,0.5805682518085087,0,2,False,Melanoma_5K;Quake_10x_Spleen
screen,rank11_scmamba_module_sequence_full,,,,,,,,,,,,,,,3,3,0.42519439163548983,0.6064631563119257,0,3,False,Macosko;Melanoma_5K;Quake_10x_Spleen
screen,rank13_masked_sc_cluster_target_full,,,,,,,,,,,,,,,7,3,0.6730097797049801,0.7359970642980206,1,7,False,Macosko;Melanoma_5K;Quake_10x_Spleen
screen,rank14_cicl_cluster_aware_contrast_full,,,,,,,,,,,,,,,3,3,0.38365546894131525,0.5852726166771787,0,3,False,Macosko;Melanoma_5K;Quake_10x_Spleen
screen,rank15_scagc_adaptive_graph_full,,,,,,,,,,,,,,,2,2,0.5958732563776425,0.5651950928290506,0,2,False,Melanoma_5K;Quake_10x_Spleen
screen,rank18_beit_gene_token_full,,,,,,,,,,,,,,,3,3,0.4720053571694491,0.6487789484245782,0,3,False,Macosko;Melanoma_5K;Quake_10x_Spleen
screen,rank19_data2vec_latent_teacher_full,,,,,,,,,,,,,,,3,3,0.35913881254087426,0.5882424581589715,0,3,False,Macosko;Melanoma_5K;Quake_10x_Spleen
screen,rank20_multimae_multitask_gene_full,,,,,,,,,,,,,,,3,3,0.455963471726653,0.6296664148256041,0,3,False,Macosko;Melanoma_5K;Quake_10x_Spleen
screen,rank21_audiomae_module_patch_full,,,,,,,,,,,,,,,3,3,0.4470756629162023,0.5500554172434029,0,3,False,Macosko;Melanoma_5K;Quake_10x_Spleen
screen,rank22_ijepa_context_target_full,,,,,,,,,,,,,,,3,3,0.33278539201652446,0.4652011335752873,0,3,False,Macosko;Melanoma_5K;Quake_10x_Spleen
screen,rank23_maskgit_gene_token_full,,,,,,,,,,,,,,,3,3,0.28789299361306897,0.3750274108193394,0,3,False,Macosko;Melanoma_5K;Quake_10x_Spleen
screen,rank24_flow_matching_latent_denoise_full,,,,,,,,,,,,,,,3,3,0.37207840873625786,0.5692481166185034,0,3,False,Macosko;Melanoma_5K;Quake_10x_Spleen
screen,rank25_anomaly_association_boundary_full,,,,,,,,,,,,,,,3,3,0.47342752937968546,0.5433031052331424,0,3,False,Macosko;Melanoma_5K;Quake_10x_Spleen
screen,rank26_bgrl_graph_bootstrap_full,,,,,,,,,,,,,,,3,3,0.4022204759304941,0.5928538676187283,0,3,False,Macosko;Melanoma_5K;Quake_10x_Spleen
screen,rank27_graph_barlow_twins_full,,,,,,,,,,,,,,,3,3,0.3246383962139779,0.47615853545050846,0,3,False,Macosko;Melanoma_5K;Quake_10x_Spleen
screen,rank28_graphormer_structural_bias_full,,,,,,,,,,,,,,,3,3,0.434106384974541,0.6099015590797247,0,3,False,Macosko;Melanoma_5K;Quake_10x_Spleen
screen,rank29_deep_adaptive_fuzzy_clustering_full,,,,,,,,,,,,,,,3,3,0.42491477601780997,0.5411565409534781,1,3,False,Macosko;Melanoma_5K;Quake_10x_Spleen
screen,rank30_fuzzy_rough_quantification_full,,,,,,,,,,,,,,,3,3,0.27458568298915703,0.4442675081705967,0,2,False,Macosko;Melanoma_5K;Quake_10x_Spleen
screen,rank33_ibot_online_tokenizer_full,,,,,,,,,,,,,,,3,3,0.308243107266267,0.5133634490304017,0,3,False,Macosko;Melanoma_5K;Quake_10x_Spleen
screen,rank34_masked_siamese_proto_full,,,,,,,,,,,,,,,3,3,0.303766419931009,0.4858885623100984,0,3,False,Macosko;Melanoma_5K;Quake_10x_Spleen
screen,rank35_videomae_gene_module_full,,,,,,,,,,,,,,,2,2,0.48291852431047566,0.5862643465821582,0,2,False,Melanoma_5K;Quake_10x_Spleen
screen,rank36_dinov2_koleo_teacher_full,,,,,,,,,,,,,,,3,3,0.28334724934208616,0.4749161905762103,0,3,False,Macosko;Melanoma_5K;Quake_10x_Spleen
screen,rank38_latent_diffusion_denoise_full,,,,,,,,,,,,,,,3,3,0.37207840873625786,0.5692481166185034,0,3,False,Macosko;Melanoma_5K;Quake_10x_Spleen
screen,rank39_ts2vec_gene_module_full,,,,,,,,,,,,,,,1,1,0.5186187062745936,0.6550558545671562,0,1,False,Melanoma_5K
screen,rank40_timesnet_gene_2d_full,,,,,,,,,,,,,,,3,3,0.43981537634010753,0.6020866040355966,0,3,False,Macosko;Melanoma_5K;Quake_10x_Spleen
screen,rank41_nonstationary_gene_attention_full,,,,,,,,,,,,,,,3,3,0.430702536689684,0.5975757409765302,0,3,False,Macosko;Melanoma_5K;Quake_10x_Spleen
screen,rank42_maskgae_edge_reconstruct_full,,,,,,,,,,,,,,,2,2,0.47695009493192064,0.6033646584312276,0,2,False,Melanoma_5K;Quake_10x_Spleen
screen,rank43_graphgps_local_global_full,,,,,,,,,,,,,,,2,2,0.504615481135808,0.6476922230099429,0,2,False,Melanoma_5K;Quake_10x_Spleen
screen,rank44_molebert_context_token_full,,,,,,,,,,,,,,,2,2,0.2760691900273691,0.46686556035775356,0,2,False,Melanoma_5K;Quake_10x_Spleen
screen,rank45_saint_rowcol_attention_full,,,,,,,,,,,,,,,2,2,0.5001699413809337,0.6341921046811306,0,2,False,Melanoma_5K;Quake_10x_Spleen
screen,rank47_self_guided_mask_token_full,,,,,,,,,,,,,,,2,2,0.5577090296062284,0.6798240233983797,0,2,False,Melanoma_5K;Quake_10x_Spleen
screen,rank48_mae_asymmetric_decoder_full,,,,,,,,,,,,,,,2,2,0.5308479438741538,0.6474098383178558,0,2,False,Melanoma_5K;Quake_10x_Spleen
screen,rank49_amp_drl_mask_policy_full,,,,,,,,,,,,,,,2,2,0.5960587157343966,0.6094166018696052,0,2,False,Melanoma_5K;Quake_10x_Spleen
screen,rank50_cmt_collaborative_mask_target_full,,,,,,,,,,,,,,,2,2,0.6457546227970512,0.6476113587118082,0,2,False,Melanoma_5K;Quake_10x_Spleen
screen,rank51_trajectory_guided_token_selection_full,,,,,,,,,,,,,,,2,2,0.3712135503828342,0.5201226009921098,0,2,False,Melanoma_5K;Quake_10x_Spleen
screen,rank52_anatomy_prompt_replaced_token_full,,,,,,,,,,,,,,,2,2,0.5499429603874841,0.6546524708926809,0,2,False,Melanoma_5K;Quake_10x_Spleen
screen,rank53_dapmae_domain_adapter_full,,,,,,,,,,,,,,,2,2,0.6867788580917998,0.6830284610892327,0,2,False,Melanoma_5K;Quake_10x_Spleen
screen,rank54_conditional_multi_mask_full,,,,,,,,,,,,,,,2,2,0.5390128061382635,0.6687709156148807,0,2,False,Melanoma_5K;Quake_10x_Spleen
screen,rank55_multifacet_vae_uncertainty_full,,,,,,,,,,,,,,,2,2,0.5128502247017735,0.52514011992764,0,2,False,Melanoma_5K;Quake_10x_Spleen
screen,rank56_scinfovae_mi_zinb_full,,,,,,,,,,,,,,,2,2,0.574845188708552,0.6817251306229049,0,2,False,Melanoma_5K;Quake_10x_Spleen
screen,rank57_scvaeder_latent_diffusion_full,,,,,,,,,,,,,,,2,2,0.5816791586282787,0.7036530665867762,0,2,False,Melanoma_5K;Quake_10x_Spleen
screen,rank58_fuzzy_rough_core_boundary_full,,,,,,,,,,,,,,,2,2,0.4815216303977964,0.59664463890358,0,2,False,Melanoma_5K;Quake_10x_Spleen
smoke,rank01_scdiva_absorbing_diffusion_full,,,,,,,,,,,,,,,1,1,0.4465598931604431,0.5802317339039236,0,0,False,Melanoma_5K
smoke,rank02_maskfeat_gene_module_semantic_full,,,,,,,,,,,,,,,1,1,0.5423114607075328,0.6631946586487243,0,0,False,Melanoma_5K
smoke,rank03_consistency_ema_robust_full,,,,,,,,,,,,,,,1,1,0.3801074995744143,0.5319390565787224,0,0,False,Melanoma_5K
smoke,rank04_joao_mask_policy_full,,,,,,,,,,,,,,,1,1,0.5102431669039326,0.6627410799126012,0,0,False,Melanoma_5K
smoke,rank05_tabr_retrieval_context_full,,,,,,,,,,,,,,,1,1,0.5243028016323192,0.6640053325490315,0,0,False,Melanoma_5K
smoke,rank06_scvgae_zinb_variational_full,,,,,,,,,,,,,,,1,1,0.4838828573800954,0.6103270984513088,0,0,False,Melanoma_5K
smoke,rank07_dinobloom_self_distill_full,,,,,,,,,,,,,,,1,1,0.3103810735889383,0.4374998114900948,0,0,False,Melanoma_5K
smoke,rank10_celler_longtail_protection_full,,,,,,,,,,,,,,,1,1,0.3520180642184419,0.4730476501198624,0,0,False,Melanoma_5K
smoke,rank11_scmamba_module_sequence_full,,,,,,,,,,,,,,,1,1,0.1657281975607738,0.2454642701139416,0,0,False,Melanoma_5K
smoke,rank13_masked_sc_cluster_target_full,,,,,,,,,,,,,,,1,1,0.5916736215165294,0.6909737690720631,0,0,False,Melanoma_5K
smoke,rank14_cicl_cluster_aware_contrast_full,,,,,,,,,,,,,,,1,1,0.5526335428635968,0.6612697190311173,0,0,False,Melanoma_5K
smoke,rank15_scagc_adaptive_graph_full,,,,,,,,,,,,,,,1,1,0.5384509136201059,0.6372308171573636,0,0,False,Melanoma_5K
smoke,rank18_beit_gene_token_full,,,,,,,,,,,,,,,1,1,0.512706850218477,0.6256734136639087,0,0,False,Melanoma_5K
smoke,rank19_data2vec_latent_teacher_full,,,,,,,,,,,,,,,1,1,0.2855325024452151,0.3965989204884374,0,0,False,Melanoma_5K
smoke,rank20_multimae_multitask_gene_full,,,,,,,,,,,,,,,1,1,0.4846152256040538,0.6085693703936002,0,0,False,Melanoma_5K
smoke,rank21_audiomae_module_patch_full,,,,,,,,,,,,,,,1,1,0.0830716508496027,0.1495199944352266,0,0,False,Melanoma_5K
smoke,rank22_ijepa_context_target_full,,,,,,,,,,,,,,,1,1,0.0353198013494105,0.0632763214702708,0,0,False,Melanoma_5K
smoke,rank23_maskgit_gene_token_full,,,,,,,,,,,,,,,1,1,0.2645891457320317,0.3630454876490055,0,0,False,Melanoma_5K
smoke,rank24_flow_matching_latent_denoise_full,,,,,,,,,,,,,,,1,1,0.5455869276772665,0.6386628655125769,0,0,False,Melanoma_5K
smoke,rank25_anomaly_association_boundary_full,,,,,,,,,,,,,,,1,1,0.1010236082259919,0.2046352817837828,0,0,False,Melanoma_5K
smoke,rank26_bgrl_graph_bootstrap_full,,,,,,,,,,,,,,,1,1,0.5555936412142669,0.6722650434144835,0,0,False,Melanoma_5K
smoke,rank27_graph_barlow_twins_full,,,,,,,,,,,,,,,1,1,0.5051849953460318,0.6058799910883789,0,0,False,Melanoma_5K
smoke,rank28_graphormer_structural_bias_full,,,,,,,,,,,,,,,1,1,0.4628239610534082,0.628131076680625,0,0,False,Melanoma_5K
smoke,rank29_deep_adaptive_fuzzy_clustering_full,,,,,,,,,,,,,,,2,1,0.540859679597939,0.6486507768896421,0,0,False,Melanoma_5K
smoke,rank30_fuzzy_rough_quantification_full,,,,,,,,,,,,,,,1,1,0.5091811321824548,0.6458572741454902,0,0,False,Melanoma_5K
smoke,rank33_ibot_online_tokenizer_full,,,,,,,,,,,,,,,1,1,0.216040060848107,0.3385682707397476,0,0,False,Melanoma_5K
smoke,rank34_masked_siamese_proto_full,,,,,,,,,,,,,,,1,1,0.398240144180611,0.5002406180989108,0,0,False,Melanoma_5K
smoke,rank35_videomae_gene_module_full,,,,,,,,,,,,,,,1,1,0.1394080316970239,0.2266991467011322,0,0,False,Melanoma_5K
smoke,rank36_dinov2_koleo_teacher_full,,,,,,,,,,,,,,,1,1,0.1836586981229916,0.3051283021730059,0,0,False,Melanoma_5K
smoke,rank38_latent_diffusion_denoise_full,,,,,,,,,,,,,,,1,1,0.5455869276772665,0.6386628655125769,0,0,False,Melanoma_5K
smoke,rank39_ts2vec_gene_module_full,,,,,,,,,,,,,,,1,1,0.5496853717915292,0.6416219723133495,0,0,False,Melanoma_5K
smoke,rank40_timesnet_gene_2d_full,,,,,,,,,,,,,,,1,1,0.5107580712853756,0.6313236092863171,0,0,False,Melanoma_5K
smoke,rank41_nonstationary_gene_attention_full,,,,,,,,,,,,,,,1,1,0.5023675692797632,0.6238991595310522,0,0,False,Melanoma_5K
smoke,rank42_maskgae_edge_reconstruct_full,,,,,,,,,,,,,,,1,1,0.5917306845133048,0.6730391514393299,0,0,False,Melanoma_5K
smoke,rank43_graphgps_local_global_full,,,,,,,,,,,,,,,1,1,0.57707387503587,0.6964494456926039,0,0,False,Melanoma_5K
smoke,rank44_molebert_context_token_full,,,,,,,,,,,,,,,1,1,0.4494574662298815,0.6205138922219661,0,0,False,Melanoma_5K
smoke,rank45_saint_rowcol_attention_full,,,,,,,,,,,,,,,1,1,0.4920090154926913,0.6231112141211975,0,0,False,Melanoma_5K
smoke,rank47_self_guided_mask_token_full,,,,,,,,,,,,,,,1,1,0.4376121322985777,0.5807981182428409,0,0,False,Melanoma_5K
smoke,rank48_mae_asymmetric_decoder_full,,,,,,,,,,,,,,,1,1,0.4253110752563405,0.5812925049775802,0,0,False,Melanoma_5K
smoke,rank49_amp_drl_mask_policy_full,,,,,,,,,,,,,,,1,1,0.4485015223478951,0.5768371512523984,0,0,False,Melanoma_5K
smoke,rank50_cmt_collaborative_mask_target_full,,,,,,,,,,,,,,,1,1,0.3909889195021092,0.5466378345538686,0,0,False,Melanoma_5K
smoke,rank51_trajectory_guided_token_selection_full,,,,,,,,,,,,,,,1,1,0.3235243959099454,0.4634367645160083,0,0,False,Melanoma_5K
smoke,rank52_anatomy_prompt_replaced_token_full,,,,,,,,,,,,,,,1,1,0.3276849315214009,0.4246667279871883,0,0,False,Melanoma_5K
smoke,rank53_dapmae_domain_adapter_full,,,,,,,,,,,,,,,1,1,0.3182608248779968,0.4152837958678435,0,0,False,Melanoma_5K
smoke,rank54_conditional_multi_mask_full,,,,,,,,,,,,,,,1,1,0.27140492080022,0.3926748147684445,0,0,False,Melanoma_5K
smoke,rank55_multifacet_vae_uncertainty_full,,,,,,,,,,,,,,,1,1,0.1434742738092732,0.1925475656974456,0,0,False,Melanoma_5K
smoke,rank56_scinfovae_mi_zinb_full,,,,,,,,,,,,,,,1,1,0.4540980598567554,0.5956764652064527,0,0,False,Melanoma_5K
smoke,rank57_scvaeder_latent_diffusion_full,,,,,,,,,,,,,,,1,1,0.4801979703408532,0.6059604895918441,0,0,False,Melanoma_5K
smoke,rank58_fuzzy_rough_core_boundary_full,,,,,,,,,,,,,,,1,1,0.5686320920380057,0.6639449322081967,0,0,False,Melanoma_5K
