dataset,method,status,n_runs
Bach,dec,success,3
Bach,desc,success,3
Bach,leiden,success,3
Bach,louvain,success,3
Bach,neighbormix_scmae,success,3
Bach,nm_scmae_nomix,success,3
Bach,sc3,success,3
Bach,scdcc,success,3
Bach,scdsc,no_score_marker,1
Bach,scdsc,timeout,2
Bach,scmae,success,3
Bach,scname,success,3
Bach,sczidesk,success,3
Baron,attentionae_sc,success,3
Baron,dec,success,3
Baron,desc,success,3
Baron,leiden,success,3
Baron,louvain,success,3
Baron,neighbormix_scmae,success,3
Baron,nm_scmae_nomix,success,3
Baron,sc3,success,3
Baron,scdcc,success,3
Baron,scmae,success,3
Baron,scname,success,3
Baron,sczidesk,success,3
CRA002977_1,apa_scmae,success,3
CRA002977_1,apa_scmae_leiden_fixed,success,3
CRA002977_1,desc,success,3
CRA002977_1,scname,success,3
CRA007122,apa_scmae,success,1
CRA007122,apa_scmae_leiden_fixed,success,1
CRA007122,desc,success,3
CRA007122,scname,success,3
Guo,attentionae_sc,success,3
Guo,dec,success,3
Guo,desc,failed,1
Guo,desc,success,2
Guo,leiden,success,3
Guo,louvain,success,3
Guo,neighbormix_scmae,success,3
Guo,nm_scmae_nomix,success,3
Guo,sc3,success,3
Guo,scdcc,success,3
Guo,scmae,success,3
Guo,scname,success,3
Guo,sczidesk,success,3
Limb_Muscle,attentionae_sc,success,3
Limb_Muscle,dec,success,3
Limb_Muscle,desc,success,3
Limb_Muscle,leiden,success,3
Limb_Muscle,louvain,success,3
Limb_Muscle,neighbormix_scmae,success,3
Limb_Muscle,nm_scmae_nomix,success,3
Limb_Muscle,sc3,success,3
Limb_Muscle,scdcc,success,3
Limb_Muscle,scmae,success,3
Limb_Muscle,scname,success,3
Limb_Muscle,sczidesk,success,3
Macosko,dec,success,3
Macosko,desc,failed,1
Macosko,desc,success,2
Macosko,leiden,success,3
Macosko,louvain,success,3
Macosko,neighbormix_scmae,success,3
Macosko,nm_scmae_nomix,success,3
Macosko,sc3,success,3
Macosko,scdcc,success,3
Macosko,scgpt_plantnet,completed_no_status_json,1
Macosko,scmae,success,3
Macosko,scname,success,1
Macosko,sczidesk,success,3
Melanoma_5K,attentionae_sc,success,3
Melanoma_5K,dec,success,3
Melanoma_5K,desc,success,3
Melanoma_5K,leiden,success,3
Melanoma_5K,louvain,success,3
Melanoma_5K,neighbormix_scmae,success,3
Melanoma_5K,nm_scmae_nomix,success,3
Melanoma_5K,sc3,success,3
Melanoma_5K,scdcc,success,3
Melanoma_5K,scgpt_plantnet,completed_no_status_json,1
Melanoma_5K,scmae,success,3
Melanoma_5K,scname,success,2
Melanoma_5K,sczidesk,success,3
PRJNA895163,desc,skipped,3
PRJNA895163,scname,skipped,3
Pollen,dec,success,3
Pollen,desc,skipped,3
Pollen,leiden,success,3
Pollen,louvain,success,3
Pollen,neighbormix_scmae,success,3
Pollen,nm_scmae_nomix,success,3
Pollen,sc3,success,3
Pollen,scdcc,success,3
Pollen,scdsc,success,3
Pollen,scmae,success,3
Pollen,scname,skipped,3
Quake_10x_Spleen,attentionae_sc,success,3
Quake_10x_Spleen,dec,success,3
Quake_10x_Spleen,desc,failed,3
Quake_10x_Spleen,leiden,success,3
Quake_10x_Spleen,louvain,success,3
Quake_10x_Spleen,neighbormix_scmae,success,3
Quake_10x_Spleen,nm_scmae_nomix,success,3
Quake_10x_Spleen,sc3,success,3
Quake_10x_Spleen,scdcc,success,3
Quake_10x_Spleen,scmae,success,3
Quake_10x_Spleen,scname,success,3
Quake_10x_Spleen,sczidesk,success,3
Quake_Smart-seq2_Lung,dec,success,3
Quake_Smart-seq2_Lung,leiden,success,3
Quake_Smart-seq2_Lung,louvain,success,3
Quake_Smart-seq2_Lung,neighbormix_scmae,success,3
Quake_Smart-seq2_Lung,nm_scmae_nomix,success,3
Quake_Smart-seq2_Lung,sc3,success,3
Quake_Smart-seq2_Lung,scdcc,success,3
Quake_Smart-seq2_Lung,scdsc,success,3
Quake_Smart-seq2_Lung,scmae,success,3
SRP145013,apa_scmae,success,3
SRP145013,apa_scmae_leiden_fixed,success,3
SRP145013,desc,success,3
SRP171040,apa_scmae,success,3
SRP171040,apa_scmae_leiden_fixed,success,3
SRP171040,dec,success,1
SRP171040,leiden,success,1
SRP171040,louvain,success,1
SRP171040,neighbormix_scmae,success,1
SRP171040,nm_scmae_nomix,success,1
SRP171040,sc3,success,1
SRP171040,scdcc,success,1
SRP171040,scdsc,failed,1
SRP171040,scmae,success,1
SRP182008,apa_scmae,success,3
SRP182008,apa_scmae_leiden_fixed,success,3
SRP182008,dec,success,1
SRP182008,leiden,success,1
SRP182008,louvain,success,1
SRP182008,neighbormix_scmae,success,1
SRP182008,nm_scmae_nomix,success,1
SRP182008,sc3,success,1
SRP182008,scdcc,success,1
SRP182008,scdsc,failed,1
SRP182008,scgpt_plantnet,completed_no_status_json,1
SRP182008,scmae,success,1
SRP224648,apa_scmae,success,3
SRP224648,apa_scmae_leiden_fixed,success,3
SRP235541,apa_scmae,success,3
SRP235541,apa_scmae_leiden_fixed,success,3
SRP235541,dec,success,1
SRP235541,leiden,success,1
SRP235541,louvain,success,1
SRP235541,neighbormix_scmae,success,1
SRP235541,nm_scmae_nomix,success,1
SRP235541,sc3,success,1
SRP235541,scdcc,success,1
SRP235541,scdsc,failed,1
SRP235541,scmae,success,1
SRP309176,apa_scmae,success,3
SRP309176,apa_scmae_leiden_fixed,success,3
Shekhar,dec,success,3
Shekhar,desc,success,3
Shekhar,leiden,success,3
Shekhar,louvain,success,3
Shekhar,neighbormix_scmae,success,3
Shekhar,nm_scmae_nomix,success,3
Shekhar,sc3,success,3
Shekhar,scdcc,success,3
Shekhar,scmae,success,3
Shekhar,scname,success,3
Shekhar,sczidesk,success,3
Tosches,attentionae_sc,success,3
Tosches,dec,success,3
Tosches,desc,success,3
Tosches,leiden,success,3
Tosches,louvain,success,3
Tosches,neighbormix_scmae,success,3
Tosches,nm_scmae_nomix,success,3
Tosches,sc3,success,3
Tosches,scdcc,success,3
Tosches,scgpt_plantnet,completed_no_status_json,1
Tosches,scmae,success,3
Tosches,scname,success,3
Tosches,sczidesk,success,3
Wang,dec,success,3
Wang,desc,skipped,3
Wang,leiden,success,3
Wang,louvain,success,3
Wang,neighbormix_scmae,success,3
Wang,nm_scmae_nomix,success,3
Wang,sc3,success,3
Wang,scdcc,success,3
Wang,scdsc,failed,3
Wang,scgpt_plantnet,completed_no_status_json,1
Wang,scmae,success,3
Wang,scname,skipped,3
Young,attentionae_sc,success,3
Young,dec,success,3
Young,desc,success,3
Young,leiden,success,3
Young,louvain,success,3
Young,neighbormix_scmae,success,3
Young,nm_scmae_nomix,success,3
Young,sc3,success,3
Young,scdcc,success,3
Young,scmae,success,3
Young,scname,success,3
Young,sczidesk,success,3
hrvatin_geo_maintype_counts,dec,success,1
hrvatin_geo_maintype_counts,leiden,success,1
hrvatin_geo_maintype_counts,louvain,success,1
hrvatin_geo_maintype_counts,neighbormix_scmae,success,1
hrvatin_geo_maintype_counts,nm_scmae_nomix,success,1
hrvatin_geo_maintype_counts,sc3,success,1
hrvatin_geo_maintype_counts,scdcc,success,1
hrvatin_geo_maintype_counts,scdsc,failed,1
hrvatin_geo_maintype_counts,scmae,success,1
worm_neuron_cell,attentionae_sc,success,3
worm_neuron_cell,dec,success,3
worm_neuron_cell,desc,success,3
worm_neuron_cell,leiden,success,3
worm_neuron_cell,louvain,success,3
worm_neuron_cell,neighbormix_scmae,success,3
worm_neuron_cell,nm_scmae_nomix,success,3
worm_neuron_cell,sc3,success,3
worm_neuron_cell,scdcc,success,3
worm_neuron_cell,scmae,success,3
worm_neuron_cell,scname,success,3
worm_neuron_cell,sczidesk,success,3
