dataset,method,acc_mean,acc_std,acc_count,nmi_mean,nmi_std,nmi_count,ari_mean,ari_std,ari_count,f1_macro_mean,f1_macro_std,f1_macro_count,runtime_seconds_mean,runtime_seconds_std,seed_<lambda>,n_seeds,method_raw
Bach,PCA+KMeans known-K,0.8881268691051302,0.043206595874022015,3,0.8631255462342775,0.01916741624042374,3,0.8860556695116714,0.03532345557282422,3,0.7081459972263974,0.014705821302430543,3,11.111029227574667,2.3566987873691034,"42,2024,3407",3,pca_kmeans_known_k
Bach,VarFloor-scMAE,0.868242466068553,0.0032577224422667885,3,0.8551511861949278,0.003644217648640309,3,0.9021399894324137,0.004928228480990113,3,0.6818700881909668,0.008450306354687217,3,120.96514399846394,0.5807894881313587,"42,2024,3407",3,varfloor_scmae
Baron,PCA+KMeans known-K,0.805694946901622,0.0005086823367417796,3,0.7864886818797144,0.0030039273488045313,3,0.7510046218661817,0.001917599726219082,3,0.6311556975900866,0.009708399687397765,3,8.443218231201172,1.990435645577436,"42,2024,3407",3,pca_kmeans_known_k
Baron,VarFloor-scMAE,0.768817831718987,0.02571819566122002,3,0.7882888902660202,0.02443064907944404,3,0.774462731806727,0.048994860781124014,3,0.4929270680689521,0.06129519008174961,3,44.418025732040405,1.5047436365979643,"42,2024,3407",3,varfloor_scmae
CRA002977_1,PCA+KMeans known-K,0.7916019609634298,0.0010587581773218939,3,0.5206588987157513,0.0011711198354426935,3,0.5252918971776238,0.0020253986138333755,3,0.4783354171882575,0.0007618409237203983,3,15.364772001902262,4.104824917057102,"42,2024,3407",3,pca_kmeans_known_k
CRA002977_1,VarFloor-scMAE,0.7425474254742547,0.02521062169105673,3,0.5655618661638663,0.022663050080527797,3,0.675805995758231,0.02715738399275644,3,0.5121329536484339,0.01789591998041029,3,56.741718451182045,0.6730080183141662,"42,2024,3407",3,varfloor_scmae
CRA007122,PCA+KMeans known-K,0.37822273529450784,0.0038061999777857305,3,0.23644237012064537,0.0058315290248551034,3,0.0859511228060087,0.00714317752118883,3,0.2853558771439571,0.0005645729817420764,3,14.007418791453043,3.8215532266041516,"42,2024,3407",3,pca_kmeans_known_k
CRA007122,VarFloor-scMAE,0.3788994599471889,0.0016092866025116163,3,0.2835537710212444,0.0008236986788166139,3,0.17106073069803687,0.008082268334963356,3,0.3147148225313281,0.017603534189306384,3,128.8387283484141,0.4522868736678755,"42,2024,3407",3,varfloor_scmae
Guo,PCA+KMeans known-K,0.7755007704160247,0.0777992025937683,3,0.8141782933988227,0.02566056193622029,3,0.7605113416322248,0.06305564413496441,3,0.6659078030184483,0.08335380026739134,3,7.754189968109131,1.5750448843412637,"42,2024,3407",3,pca_kmeans_known_k
Guo,VarFloor-scMAE,0.8277863379558296,0.0013810302680789793,3,0.8413325097167493,0.0018765648572725215,3,0.8259371711648122,0.0027718601844017657,3,0.7423784856075032,0.004322562508382783,3,33.557777086893715,0.8479746429295999,"42,2024,3407",3,varfloor_scmae
Limb_Muscle,PCA+KMeans known-K,0.954975697109235,0.05383595986199507,3,0.9335708368865706,0.04514171064227969,3,0.9350101558788052,0.08012719529860937,3,0.9115212630075908,0.1111135273256622,3,5.50351603825887,0.3770721311544364,"42,2024,3407",3,pca_kmeans_known_k
Limb_Muscle,VarFloor-scMAE,0.9841391660271169,0.0031121834383720792,3,0.955741242077759,0.006823310013751232,3,0.9798640859472582,0.004410422739560431,3,0.9722464991048002,0.005185714958906112,3,19.06098993619283,0.6441098593791391,"42,2024,3407",3,varfloor_scmae
Macosko,PCA+KMeans known-K,0.8474974706897577,0.13366768505548418,3,0.7588582070841547,0.08009544537441887,3,0.7573318634123957,0.21755820820758034,3,0.6880358840125744,0.04819203081837464,3,12.388986905415853,0.27705323728903214,"42,2024,3407",3,pca_kmeans_known_k
Macosko,VarFloor-scMAE,0.7012438255073499,0.081464526467956,3,0.627812182085644,0.050663401085013424,3,0.6038988398916588,0.1738279403691275,3,0.4007452971912882,0.019604066191397703,3,235.87366469701132,1.2532091488115646,"42,2024,3407",3,varfloor_scmae
Melanoma_5K,PCA+KMeans known-K,0.7126080212718812,0.08871810655813624,3,0.7226812614785052,0.01212259694801886,3,0.6176244555698238,0.074910132705751,3,0.5874283317368931,0.06284447676629543,3,5.451493581136067,0.0330797119236355,"42,2024,3407",3,pca_kmeans_known_k
Melanoma_5K,VarFloor-scMAE,0.7212497230223797,0.0037668956348326788,3,0.7219785425094943,0.002679957037786463,3,0.648467635579231,0.0030776436295475405,3,0.6346392327625706,0.0015401553558121914,3,23.085863908131916,0.33022474385511674,"42,2024,3407",3,varfloor_scmae
Pollen,PCA+KMeans known-K,0.5094130675526024,0.06056482353876112,3,0.6923411102851077,0.03366429148084736,3,0.381340181642621,0.023667194859064912,3,0.29912642060979655,0.06388014963325812,3,3.6474556128184,0.25532759436149494,"42,2024,3407",3,pca_kmeans_known_k
Pollen,VarFloor-scMAE,0.8770764119601329,0.01448139183900559,3,0.9249141082521904,0.006122707523896079,3,0.9093509256577903,0.005676480536749989,3,0.7902235658422404,0.01960514902613987,3,1.8664779663085938,0.07767300784463337,"42,2024,3407",3,varfloor_scmae
Quake_10x_Spleen,PCA+KMeans known-K,0.8155360134003349,0.114492368909531,3,0.41246111364697785,0.3392450800861999,3,0.3937136026471157,0.4300289956316077,3,0.401559275770794,0.13580709262631885,3,6.454444249471028,0.708318861172417,"42,2024,3407",3,pca_kmeans_known_k
Quake_10x_Spleen,VarFloor-scMAE,0.9502024008933555,0.003541456898553468,3,0.8336177317342736,0.00629411933880793,3,0.9194764736785404,0.0017323383561718534,3,0.6966465148708151,0.012074756622649271,3,46.147355715433754,2.467367237474662,"42,2024,3407",3,varfloor_scmae
Quake_Smart-seq2_Lung,PCA+KMeans known-K,0.7108194112967383,0.06116358120398479,3,0.8072422997607394,0.02597841366201511,3,0.714087421497104,0.07996519612994543,3,0.601000615310585,0.10067038312446865,3,4.498727083206177,0.24952462899331346,"42,2024,3407",3,pca_kmeans_known_k
Quake_Smart-seq2_Lung,VarFloor-scMAE,0.5749801113762927,0.039776750195778594,3,0.7482482708200484,0.031579584892784354,3,0.5613783792832252,0.05756211116496495,3,0.4423760487465443,0.04983739670630775,3,7.918824831644694,0.13335224480234245,"42,2024,3407",3,varfloor_scmae
SRP145013,PCA+KMeans known-K,0.38347042694868777,0.052696590967568235,3,0.1429739698418378,0.04026524047843675,3,0.08737724596073672,0.04633022182090426,3,0.24044785934789467,0.026841091447450657,3,38.69668571154276,17.03718884797387,"42,2024,3407",3,pca_kmeans_known_k
SRP145013,VarFloor-scMAE,0.30888497192845016,0.00883629690161621,3,0.14983930131244022,0.004265785484422296,3,0.08234051918747992,0.0021557057666491265,3,0.2379701074325131,0.00580466123709735,3,220.06624952952066,1.0209060856665055,"42,2024,3407",3,varfloor_scmae
SRP171040,PCA+KMeans known-K,0.5762359131424981,0.027610736730917036,3,0.5998738898001116,0.018337355220330885,3,0.35633784838108234,0.026045665496989705,3,0.45888295991919664,0.030490643745784148,3,31.176674207051594,15.42790513905963,"42,2024,3407",3,pca_kmeans_known_k
SRP171040,VarFloor-scMAE,0.5725546786036833,0.021607808613947795,3,0.667858940395075,0.0031770464228918108,3,0.4609894783957899,0.013823945064600532,3,0.481763750509089,0.007580725639500703,3,180.2307014465332,0.9387610182099585,"42,2024,3407",3,varfloor_scmae
SRP182008,PCA+KMeans known-K,0.5536234028908292,0.032878169197868755,3,0.5660614601582472,0.017914479504805177,3,0.34068353149780034,0.03912396222552236,3,0.4279179125233286,0.03133242323383091,3,9.23891027768453,0.32024551261732026,"42,2024,3407",3,pca_kmeans_known_k
SRP182008,VarFloor-scMAE,0.54711163731439,0.03214162973342196,3,0.5742374857493459,0.017430161922138396,3,0.3789097701557134,0.027629131536520322,3,0.49695350123809523,0.03846610502388924,3,71.48448793093364,0.46484031282493576,"42,2024,3407",3,varfloor_scmae
SRP224648,PCA+KMeans known-K,0.6465744627170348,0.00015890738847852112,3,0.11503579541597576,0.0030598656034865413,3,0.028705582081503634,0.000938807034285358,3,0.37543385896199927,0.0038116515669943574,3,13.722590208053589,6.93557000110268,"42,2024,3407",3,pca_kmeans_known_k
SRP224648,VarFloor-scMAE,0.38416018716025596,0.003290620574201692,3,0.07004533276185823,0.0019273212654121513,3,-0.0011845099324827,0.0007531100037586357,3,0.26220126134203164,0.000990671981496921,3,75.03363347053528,0.7257785817082671,"42,2024,3407",3,varfloor_scmae
SRP235541,PCA+KMeans known-K,0.46843897642516247,0.0030042619655421383,3,0.5599246955353512,0.020968235757975108,3,0.2291515171319268,0.03983309102382954,3,0.42461684390574045,0.005316419713215288,3,40.498976389567055,19.634598228425045,"42,2024,3407",3,pca_kmeans_known_k
SRP235541,VarFloor-scMAE,0.5981605391275152,0.03686640551640427,3,0.6621689707109512,0.015508901132963186,3,0.4506624255021982,0.030762564627538028,3,0.5676847633501932,0.03776763283823525,3,150.47015158335367,2.125774484577163,"42,2024,3407",3,varfloor_scmae
SRP309176,PCA+KMeans known-K,0.49584267074371163,0.006730108622772928,3,0.48492636581730303,0.005224225595809056,3,0.26132689669432496,0.01404732973364281,3,0.4830091552968366,0.007761214490681368,3,42.93985684712728,20.305140006945997,"42,2024,3407",3,pca_kmeans_known_k
SRP309176,VarFloor-scMAE,0.48555930215510923,0.022816003184468307,3,0.478972141673186,0.015689895226295922,3,0.37050298457111525,0.010677138904687243,3,0.40283226220196805,0.07560821715001724,3,259.47458068529767,3.793830910009096,"42,2024,3407",3,varfloor_scmae
Shekhar,PCA+KMeans known-K,0.8592247484159522,0.03399942127068168,3,0.8802816870355628,0.011994253942403851,3,0.9156558126853792,0.013390600937169407,3,0.7630542168114526,0.044520342944467065,3,10.247519493103027,1.1104845104295533,"42,2024,3407",3,pca_kmeans_known_k
Shekhar,VarFloor-scMAE,0.8612746925083862,0.012546955533928828,3,0.8815077224369894,0.008869736718744135,3,0.9433892167113304,0.0027409764514704483,3,0.616690363735828,0.021099080524964207,3,144.44685220718384,1.6947331541811292,"42,2024,3407",3,varfloor_scmae
Tosches,PCA+KMeans known-K,0.6810794399199885,0.07032262942320158,3,0.7484677319233325,0.016464266554635742,3,0.630968671348526,0.10629673763563682,3,0.5463241932998711,0.06384901720807502,3,10.322450399398804,2.086733111982763,"42,2024,3407",3,pca_kmeans_known_k
Tosches,VarFloor-scMAE,0.571742391770253,0.013533783581119953,3,0.7132391200541569,0.005220290688950058,3,0.4556821008032455,0.003993469383515552,3,0.5743859628373021,0.01837511549732626,3,98.03553167978923,1.2035162282146894,"42,2024,3407",3,varfloor_scmae
Wang,PCA+KMeans known-K,0.9074132436880625,0.14162337205145256,3,0.600574616136187,0.5028677765102595,3,0.6211869086194319,0.5739603975527431,3,0.7992996723354362,0.3203779394941372,3,5.111479123433431,0.5965796644803351,"42,2024,3407",3,pca_kmeans_known_k
Wang,VarFloor-scMAE,0.9314353748643064,0.00016047118727300602,3,0.6512251556983287,0.0004934931081204555,3,0.7292554774206549,0.0005625582316786923,3,0.9095255764129743,0.0001929059566959165,3,48.25595108668009,0.3633420401279306,"42,2024,3407",3,varfloor_scmae
Young,PCA+KMeans known-K,0.777660510114336,0.08714707570532104,3,0.7946373592367326,0.03703260764367277,3,0.6690615013196126,0.08110202451230164,3,0.76133250349608,0.054191774863113454,3,5.885585943857829,0.563297594645125,"42,2024,3407",3,pca_kmeans_known_k
Young,VarFloor-scMAE,0.7850483729111697,0.020560921034197627,3,0.7761744109356349,0.021412778276452563,3,0.6773924475571138,0.0294992319615293,3,0.6968754372454292,0.03790342088452703,3,29.17279291152954,1.1474785831677214,"42,2024,3407",3,varfloor_scmae
hrvatin_geo_maintype_counts,PCA+KMeans known-K,0.9151991049600131,1.3597399555105182e-16,3,0.9076064900390848,1.7239229312246728e-05,3,0.8741662486867593,2.44310818661065e-05,3,0.8421663160690604,2.2539947575572523e-06,3,21.84075705210368,6.828954588787,"42,2024,3407",3,pca_kmeans_known_k
hrvatin_geo_maintype_counts,VarFloor-scMAE,0.8774499647785191,0.0002802749193732497,3,0.9107586194489786,0.00447907109060006,3,0.8744272244122907,0.0072502620563155646,3,0.6896673194797973,0.01649449036672085,3,250.4741362730662,1.1406621546120468,"42,2024,3407",3,varfloor_scmae
worm_neuron_cell,PCA+KMeans known-K,0.5089186176142698,0.011566726252635832,3,0.47175083999470707,0.03019573833419504,3,0.1944753456598037,0.017839979884902116,3,0.41207704463067635,0.06305225750318202,3,4.873869895935059,0.3724695799421,"42,2024,3407",3,pca_kmeans_known_k
worm_neuron_cell,VarFloor-scMAE,0.45652173913043476,0.005426572714572629,3,0.43380574288121837,0.003566736089885879,3,0.2624293938761088,0.006169511486404537,3,0.44168453801858426,0.021952875459971516,3,21.384973526000977,0.4725575909231781,"42,2024,3407",3,varfloor_scmae
